artist,stratum,field,url,label,notes
Apulanta,booked,website,https://apulanta.fi/,,
Apulanta,booked,spotify,https://open.spotify.com/artist/5kwthnxNdfnqGk0nL35wDC,,
Apulanta,booked,instagram,https://www.instagram.com/apulantaofficial,,
Apulanta,booked,facebook,https://www.facebook.com/apulanta,,
Apulanta,booked,youtube,https://www.youtube.com/channel/UC9Csb-hlPklaL7zkJjzEokQ,,
Hiromi Uehara,booked,website,https://www.hiromiuehara.com/,,
Hiromi Uehara,booked,spotify,https://open.spotify.com/artist/7DeuppKQdCVhuWrzzCBBpc,,
Hiromi Uehara,booked,instagram,https://www.instagram.com/hiromimusic,,
Hiromi Uehara,booked,facebook,https://www.facebook.com/HiromiFan,,
Hiromi Uehara,booked,youtube,https://www.youtube.com/channel/UCMvNj-EdziRVn5BIwJV6iZg,,
The Bee Gees,booked,website,https://www.beegees.com,,
The Bee Gees,booked,spotify,https://open.spotify.com/artist/1LZEQNv7sE11VDY3SdxQeN,,
The Bee Gees,booked,instagram,https://www.instagram.com/beegees,,
The Bee Gees,booked,facebook,https://www.facebook.com/beegees,,
The Bee Gees,booked,youtube,https://www.youtube.com/channel/UCD9sCcKXnFxMeuFoNayVxeQ,,
Ленинград,booked,website,https://www.leningrad.top,,
Ленинград,booked,spotify,https://open.spotify.com/artist/5n7zG0G029nE0mR3RkK7Tq,,
Ленинград,booked,instagram,https://www.instagram.com/shnurovs/,,
Ленинград,booked,facebook,https://www.facebook.com/leningrad.top,,
Ленинград,booked,youtube,https://www.youtube.com/user/shnur0k,,
Ленинград,booked,vk,https://vk.com/leningrad,,
Ленинград,booked,telegram,https://t.me/shnurovs,,
EsDeeKid,booked,spotify,https://open.spotify.com/artist/1p9S4kG5R0wA7M6qD9bZ2L,,
EsDeeKid,booked,instagram,https://www.instagram.com/esdeekid/,,
EsDeeKid,booked,youtube,https://www.youtube.com/@esdeekid,,
Chuck Prophet,booked,website,http://www.chuckprophet.com,,
Chuck Prophet,booked,spotify,https://open.spotify.com/artist/3vidJsiALgVC5ZuweJgeDT,,
Flosstradamus,booked,website,http://flosstradamus.com/,,
Flosstradamus,booked,spotify,https://open.spotify.com/artist/2FmzVitXZjIkFolH8HXd4j,,
Flosstradamus,booked,instagram,https://www.instagram.com/flosstradamus,,
Flosstradamus,booked,facebook,https://www.facebook.com/flosstradamus,,
Flosstradamus,booked,youtube,https://www.youtube.com/channel/UCxN-CmeCqkOFBh5qgRM4ZIg,,
Marmalade,booked,website,https://www.themarmalade.net/,,
Marmalade,booked,spotify,https://open.spotify.com/artist/3jYpXyV7k1s9R4o5f6D2aI,,
Marmalade,booked,facebook,https://www.facebook.com/TheMarmalade,,
Marmalade,booked,youtube,https://www.youtube.com/@TheMarmalade,,
Steve Earle,booked,website,https://steveearle.com/,,
Steve Earle,booked,spotify,https://open.spotify.com/artist/0H38jRk7R9zD5Q4pP3gU5M,,
Steve Earle,booked,instagram,https://www.instagram.com/steveearle/,,
Steve Earle,booked,facebook,https://www.facebook.com/SteveEarleMusic,,
Steve Earle,booked,youtube,https://www.youtube.com/@steveearle,,
The Slackers,booked,website,http://www.theslackers.com,,
The Slackers,booked,spotify,https://open.spotify.com/artist/2QRPuDfRA9LtoeGFaMikmK,,
The Slackers,booked,facebook,https://www.facebook.com/theslackers,,
Ian,booked,spotify,https://open.spotify.com/artist/0lFm11Xyv50B3yTqjQyq2x,,
Ian,booked,instagram,https://www.instagram.com/ian/,,
Ian,booked,youtube,https://www.youtube.com/@ianmusic,,
Corona,booked,website,http://www.coronadance.it/,,
Corona,booked,spotify,https://open.spotify.com/artist/26T6b8maqEVltcmE4kSDUl,,
Corona,booked,facebook,https://www.facebook.com/coronadanceoficial,,
Corona,booked,youtube,https://www.youtube.com/channel/UCyzhgljWGANfOziwpKfrymA,,
Courtney Barnett,booked,website,http://courtneybarnett.com.au,,
Courtney Barnett,booked,spotify,https://open.spotify.com/artist/4OOlG5eBXSkSAAEeKjJb5Y,,
Courtney Barnett,booked,instagram,https://www.instagram.com/courtneymelba,,
Courtney Barnett,booked,facebook,https://www.facebook.com/courtneybarnettmusic,,
Courtney Barnett,booked,youtube,https://www.youtube.com/channel/UC4zONxF4rPkPZE6klaIoFpw,,
Zedd,booked,website,https://www.zedd.net/,,
Zedd,booked,spotify,https://open.spotify.com/artist/2qxJFvogampvI02L91g0uS,,
Zedd,booked,instagram,https://www.instagram.com/zedd,,
Zedd,booked,facebook,https://www.facebook.com/Zedd,,
Zedd,booked,youtube,https://www.youtube.com/user/Zedd,,
Against the Current,booked,website,http://www.atcofficial.com/,,
Against the Current,booked,spotify,https://open.spotify.com/artist/6yhD1KjhLxIETFF7vIRf8B,,
Against the Current,booked,instagram,https://www.instagram.com/againstthecurrent/,,
Against the Current,booked,facebook,https://www.facebook.com/againstthecurrentband,,
Against the Current,booked,youtube,https://www.youtube.com/channel/UCxMsgwldMZiuFTD6jjv32yQ,,
Hamilton de Holanda,booked,website,http://www.hamiltondeholanda.com,,
Hamilton de Holanda,booked,spotify,https://open.spotify.com/artist/5Bn4jYRlfMfbxVwfPDGeL8,,
Hamilton de Holanda,booked,instagram,https://www.instagram.com/hamiltondeholanda,,
Hamilton de Holanda,booked,facebook,https://www.facebook.com/hamilton.de.holanda,,
Jessie's Girl,booked,website,http://jessiesgirlnyc.com/,,
Jessie's Girl,booked,facebook,https://www.facebook.com/JessiesGirlNYC,,
July,booked,spotify,https://open.spotify.com/artist/5N0b9R7k4L2v6mJ3xWq8P1,,
July,booked,facebook,https://www.facebook.com/JulyBandOfficial,,
July,booked,youtube,https://music.youtube.com/channel/UCXxKU2YrYpQbXGz3pHSL72A,,
El Tri,booked,website,http://www.eltri.com.mx/demexico/,,
El Tri,booked,spotify,https://open.spotify.com/artist/3HgZDevp7GspkLUAa5cKne,,
El Tri,booked,instagram,https://www.instagram.com/eltri_oficial,,
El Tri,booked,facebook,https://www.facebook.com/eltrioficial,,
El Tri,booked,youtube,https://www.youtube.com/channel/UCTSruUknzSv383nJRPtGY-g,,
EPMD,booked,spotify,https://open.spotify.com/artist/2vH84g1807uGf75g9eUjZ1,,
EPMD,booked,instagram,https://www.instagram.com/realepmd,,
EPMD,booked,facebook,https://www.facebook.com/EPMD.Official,,
EPMD,booked,youtube,https://www.youtube.com/@EPMDVEVO,,
Jah Wobble,booked,website,http://30hertzRecords.com,,
Jah Wobble,booked,spotify,https://open.spotify.com/artist/5jhqwsWfRaETrWPWI0Rc7u,,
Jah Wobble,booked,instagram,https://www.instagram.com/real_jah_wobble,,
Jah Wobble,booked,facebook,https://www.facebook.com/Jah.Wobble.Music,,
Hermeto Pascoal,booked,website,https://www.allmusic.com/artist/hermeto-pascoal-mn0000572263#biography,,
Hermeto Pascoal,booked,facebook,https://www.facebook.com/hermeto.pascoal.o.campeao,,
Witch,booked,website,https://witch-band.com/,,
Witch,booked,spotify,https://open.spotify.com/artist/5P2m6o4o4o4o4o4o4o4o4o,,
Witch,booked,instagram,https://www.instagram.com/witchzamrock/,,
Witch,booked,facebook,https://www.facebook.com/WitchZamrock,,
Aterciopelados,booked,website,https://www.aterciopelados.com/,,
Aterciopelados,booked,spotify,https://open.spotify.com/artist/3MqjsWDLhq8SyY6N3PE8yW,,
Aterciopelados,booked,instagram,https://www.instagram.com/aterciopelados,,
Aterciopelados,booked,facebook,https://www.facebook.com/aterciopelados,,
Aterciopelados,booked,youtube,https://www.youtube.com/channel/UCGaqHkWSf7izAZDX5mVTowg,,
Captain Jack,booked,website,http://captain-jack.de/,,
Captain Jack,booked,spotify,https://open.spotify.com/artist/1b81zU0IfjHE8krv2IZ0Hf,,
Captain Jack,booked,instagram,https://www.instagram.com/captainjack.heyo/,,
Captain Jack,booked,facebook,https://www.facebook.com/CaptainJackOfficial,,
Captain Jack,booked,youtube,https://www.youtube.com/CaptainJackOfficial,,
Captain Jack,booked,vk,https://vk.com/club2189822,,
Alison Krauss,booked,website,https://alisonkrauss.com/,,
Alison Krauss,booked,spotify,https://open.spotify.com/artist/5J6L7N6B4nI1M5cwa29mQG,,
Alison Krauss,booked,instagram,https://www.instagram.com/alisonkrauss,,
Alison Krauss,booked,facebook,https://www.facebook.com/OfficialAlisonKrauss,,
Alison Krauss,booked,youtube,https://www.youtube.com/channel/UC9Xz6XVzGI7akgrcM-WA45Q,,
U.D.O.,booked,website,http://www.udo-online.de/,,
U.D.O.,booked,spotify,https://open.spotify.com/artist/2aWjaq32aRQo58dw0w8NM6,,
U.D.O.,booked,facebook,https://www.facebook.com/udoonline,,
Nazareth,booked,website,https://www.nazarethdirect.co.uk,,
Nazareth,booked,spotify,https://open.spotify.com/artist/5L1D4kYlR77oW5T3iJ3J4i,,
Nazareth,booked,instagram,https://www.instagram.com/nazarethbandofficial,,
Nazareth,booked,facebook,https://www.facebook.com/nazarethofficial,,
Nazareth,booked,youtube,https://www.youtube.com/channel/UCuC2c6qHkY-7W2q9s_q-z9Q,,
Nazareth,booked,vk,https://vk.com/nazarethband,,
Graveyard,booked,website,https://graveyardmusic.bandcamp.com,,
Graveyard,booked,spotify,https://open.spotify.com/artist/7z14N2Y1E6zS5l2J9O0p4M,,
Graveyard,booked,instagram,https://www.instagram.com/graveyardsweden,,
Graveyard,booked,facebook,https://www.facebook.com/graveyardofficial,,
Graveyard,booked,youtube,https://www.youtube.com/@GraveyardSweden,,
Girls,booked,spotify,https://open.spotify.com/artist/5L4d5J5D5W6A4E8M7Z6x4q,,
Girls,booked,facebook,https://www.facebook.com/GirlsSanFrancisco/,,
Girls,booked,youtube,https://www.youtube.com/channel/UC-D_4-Lq1_f_4FfC2N-wQ8A,,
The Acorn,booked,website,http://www.theacorn.ca/,,
The Acorn,booked,instagram,https://www.instagram.com/theacorn,,
The Acorn,booked,facebook,https://www.facebook.com/theacornofficial,,
The Acorn,booked,youtube,https://www.youtube.com/channel/UCxElRsgWVxUdCrhi4KrsqYQ,,
Jason Bonham,booked,website,http://www.jasonbonham.net,,
Jason Bonham,booked,spotify,https://open.spotify.com/artist/5T6YKEZhM6rVwCEm5PLKL8,,
Jason Bonham,booked,facebook,https://www.facebook.com/JasonBonhamOfficial,,
Jason Bonham,booked,youtube,https://www.youtube.com/channel/UC4LZOcli1dgzDoRt3MPqgCw,,
The Smashing Pumpkins,booked,website,https://smashingpumpkins.com,,
The Smashing Pumpkins,booked,spotify,https://open.spotify.com/artist/41MozSoPIsD1dJM0CLPjZF,,
The Smashing Pumpkins,booked,instagram,https://www.instagram.com/smashingpumpkins,,
The Smashing Pumpkins,booked,facebook,https://www.facebook.com/smashingpumpkins,,
The Smashing Pumpkins,booked,youtube,https://www.youtube.com/user/smashingpumpkins,,
Aloe Blacc,booked,website,http://www.aloeblacc.com/,,
Aloe Blacc,booked,spotify,https://open.spotify.com/artist/0id62QV2SZZfvBn9xpmuCl,,
Aloe Blacc,booked,instagram,https://www.instagram.com/aloeblacc,,
Aloe Blacc,booked,facebook,https://www.facebook.com/aloeblacc,,
Aloe Blacc,booked,youtube,https://www.youtube.com/channel/UCzZegs5Uz4uhFFPsdQVcC-A,,
Jennie,booked,website,https://www.jenn.ie/,,
Jennie,booked,spotify,https://open.spotify.com/artist/250b0Wlc5Vk0CoUsaCY84M,,
Jennie,booked,instagram,https://www.instagram.com/jennierubyjane/,,
Jennie,booked,youtube,https://music.youtube.com/channel/UCAl7xQ6q0PEgZMQD7zr4AKQ,,
Charon,booked,website,http://www.charon.fi,,
Charon,booked,spotify,https://open.spotify.com/artist/2z7x1g9Jk8v5P0n7l4e2R1,,
Charon,booked,facebook,https://www.facebook.com/charonband,,
Charon,booked,youtube,https://www.youtube.com/channel/UCOgaw6EQy6PlkKrb42LLx2A,,
Charon,booked,vk,https://vk.com/charon_band,,
Nicholas Payton,booked,website,http://nicholaspayton.com,,
Nicholas Payton,booked,spotify,https://open.spotify.com/artist/3cwVFmQ6mcUoGR6ZvIPuZ4,,
Nicholas Payton,booked,youtube,https://www.youtube.com/channel/UC-rElz7xqZdiO4Jm5CdoM_g,,
Hawksley Workman,booked,website,http://www.hawksleyworkman.com/,,
Hawksley Workman,booked,spotify,https://open.spotify.com/artist/6TXT0xgAes45U8vyHeCIZJ,,
Hawksley Workman,booked,facebook,https://www.facebook.com/WorkmanHawksley,,
Shining,booked,website,https://shining.no,,
Shining,booked,spotify,https://open.spotify.com/artist/3j9rJ49oF24QkZ5M0T5J8b,,
Shining,booked,instagram,https://www.instagram.com/shiningnorway,,
Shining,booked,facebook,https://www.facebook.com/shiningnorway,,
Shining,booked,youtube,https://www.youtube.com/user/shiningnorway,,
Steve Lacy,booked,website,https://www.stevelacys.com,,
Steve Lacy,booked,spotify,https://open.spotify.com/artist/562tpTPPZzJ0F9VbJ2K7QO,,
Steve Lacy,booked,instagram,https://www.instagram.com/stevelacys,,
Steve Lacy,booked,facebook,https://www.facebook.com/stevelacys,,
Steve Lacy,booked,youtube,https://www.youtube.com/@stevelacy,,
Björn Again,booked,website,http://www.bjornagain.com/global.htm,,
Pleasure,booked,website,https://www.pleasure-music.com/,,
Pleasure,booked,spotify,https://open.spotify.com/artist/0rP1Yg7MvS3tZ2a6x9e2u4,,
Pleasure,booked,instagram,https://www.instagram.com/pleasuretheband/,,
Pleasure,booked,facebook,https://www.facebook.com/pleasuretheband/,,
Pleasure,booked,youtube,https://www.youtube.com/@PleasureTheBand,,
Anna von Hausswolff,booked,website,https://annavonhausswolff.org/,,
Anna von Hausswolff,booked,spotify,https://open.spotify.com/artist/1eiXrvua27VlWgZ9kiaIn6,,
Anna von Hausswolff,booked,instagram,https://www.instagram.com/annavonhausswolff,,
Anna von Hausswolff,booked,facebook,https://www.facebook.com/annavonhausswolff,,
Anna von Hausswolff,booked,youtube,https://www.youtube.com/@AnnavonHausswolff,,
The Walkers,booked,website,http://www.thewalkers.nl/,,
The Walkers,booked,spotify,https://open.spotify.com/artist/2c2nB3d5x7V8r9Zp1W5f3V,,
The Knack,booked,website,http://www.theknack.com/,,
The Knack,booked,spotify,https://open.spotify.com/artist/0Nn9YwJzcaeuU1jJL06e3r,,
The Knack,booked,youtube,https://music.youtube.com/channel/UC2-ZbJHsDK6qngTnkQPF5Ug,,
Ashnikko,booked,website,https://www.ashnikko.com/,,
Ashnikko,booked,spotify,https://open.spotify.com/artist/3PyJHH2wyfQK3WZrk9rpmP,,
Ashnikko,booked,instagram,https://www.instagram.com/ashnikko/,,
Ashnikko,booked,facebook,https://www.facebook.com/ashnikkomusic,,
Ashnikko,booked,youtube,https://www.youtube.com/channel/UCprhwr86ckrMC2q9jX8qMnw,,
Ashnikko,booked,vk,https://vk.com/ashnikko,,
Lila Downs,booked,website,https://www.liladowns.com/,,
Lila Downs,booked,spotify,https://open.spotify.com/artist/3mXI2gpwWnNO9qbQG3n3EP,,
Lila Downs,booked,instagram,https://www.instagram.com/liladowns,,
Lila Downs,booked,facebook,https://www.facebook.com/LilaDownsOficial,,
Lila Downs,booked,youtube,https://www.youtube.com/channel/UCddIE0jG7qBBBMZ3WRPJZcQ,,
Davina,booked,spotify,https://open.spotify.com/artist/4sHh3a9eS2c8R7Q9vD5f6K,,
Current Joys,booked,website,https://www.currentjoys.com,,
Current Joys,booked,spotify,https://open.spotify.com/artist/0m5FakHKCQdA7UN0PIzMcL,,
Current Joys,booked,instagram,https://www.instagram.com/currentjoys,,
Current Joys,booked,facebook,https://www.facebook.com/currentjoys,,
Current Joys,booked,youtube,https://www.youtube.com/channel/UCagxVaYQ0rk4NX_kn5YXgyA,,
Lenka,booked,website,http://www.lenkamusic.com/,,
Lenka,booked,spotify,https://open.spotify.com/artist/5g3uG8zZZANGT6YOssgjfC,,
Lenka,booked,instagram,https://www.instagram.com/lenkamusic,,
Lenka,booked,facebook,https://www.facebook.com/lenka,,
Fernando Delgadillo,booked,website,https://www.fernandodelgadillo.com.mx,,
Fernando Delgadillo,booked,spotify,https://open.spotify.com/artist/1Nn7N1J8x1tH4zZl4o9u0O,,
Fernando Delgadillo,booked,instagram,https://www.instagram.com/fdelgadillooficial,,
Fernando Delgadillo,booked,facebook,https://www.facebook.com/fdelgadillooficial,,
Fernando Delgadillo,booked,youtube,https://www.youtube.com/channel/UCfTqQ0V7d5P6C1J_W8Xn4tA,,
Lebanon Hanover,booked,website,https://lebanonhanover.bandcamp.com/,,
Lebanon Hanover,booked,facebook,https://www.facebook.com/lebanonhanover,,
Lebanon Hanover,booked,youtube,https://www.youtube.com/channel/UCUM2Q6aQXYex5y36sBej0Ng,,
Widowspeak,booked,website,http://widowspeak.bandcamp.com,,
Widowspeak,booked,spotify,https://open.spotify.com/artist/5ZW7HlSuZz8ng2X21cXbdP,,
Widowspeak,booked,instagram,https://www.instagram.com/widowspeaking,,
Widowspeak,booked,facebook,https://www.facebook.com/widowspeakband,,
Chanel Beads,booked,website,https://chanelbeads.com,,
Chanel Beads,booked,spotify,https://open.spotify.com/artist/3x11XrMEnyP18hv73pmKRL,,
Himsa,booked,website,https://www.himsa.org/,,
Himsa,booked,facebook,https://www.facebook.com/himsaofficial,,
Spiderbait,booked,website,http://spiderbait.net.au,,
Spiderbait,booked,spotify,https://open.spotify.com/artist/6P7kkhED6EPrfoZuxz20Fo,,
Spiderbait,booked,facebook,https://www.facebook.com/spiderbaitofficial,,
Shiva,booked,website,https://shivaofficial.com,,
Shiva,booked,spotify,https://open.spotify.com/artist/0b36v7j720t721727727,,
Shiva,booked,instagram,https://www.instagram.com/fuckshiva,,
Shiva,booked,facebook,https://www.facebook.com/shiva.official,,
Shiva,booked,youtube,https://www.youtube.com/@ShivaOfficial,,
Shiva,booked,telegram,https://t.me/shiva_etr,,
The Lemon Twigs,booked,website,https://www.thelemontwigs.com/,,
The Lemon Twigs,booked,spotify,https://open.spotify.com/artist/7eYZSXnQVCODCVmTV8Hk2T,,
The Lemon Twigs,booked,instagram,https://www.instagram.com/thelemontwigs/,,
The Lemon Twigs,booked,facebook,https://www.facebook.com/TheLemonTwigs,,
Lynda Lemay,booked,website,https://www.lyndalemay.com/,,
Lynda Lemay,booked,spotify,https://open.spotify.com/artist/6rVJyC8TepqtRRPeEFZfi0,,
Lynda Lemay,booked,facebook,https://www.facebook.com/LyndaLemayOfficiel,,
Pelican,booked,website,http://www.pelicansong.com/,,
Pelican,booked,spotify,https://open.spotify.com/artist/0Gq06EJlfPumvCdMsnkJFp,,
Pelican,booked,facebook,https://www.facebook.com/pelicansong,,
Mystery Jets,booked,website,https://www.mysteryjets.com/,,
Mystery Jets,booked,spotify,https://open.spotify.com/artist/09K1H1DgyIXHsMx2j7KTFX,,
Mystery Jets,booked,facebook,https://www.facebook.com/mysteryjets,,
Ilse DeLange,booked,website,https://ilsedelange.com,,
Ilse DeLange,booked,spotify,https://open.spotify.com/artist/3FTKP1k9VbOng3m1rgnsqx,,
Ilse DeLange,booked,instagram,https://www.instagram.com/ilsedelangemusic,,
Ilse DeLange,booked,facebook,https://www.facebook.com/ilsedelange,,
Ilse DeLange,booked,youtube,https://www.youtube.com/@ilsedelange,,
Laurent Voulzy,booked,website,http://www.laurentvoulzy.com/,,
Laurent Voulzy,booked,spotify,https://open.spotify.com/artist/6ogXCiVOaz2afPmMNHph7Z,,
Laurent Voulzy,booked,youtube,https://www.youtube.com/channel/UC0ehWj8tGuQa7KhWuzwI5Vw,,
Keiko Matsui,booked,website,http://www.keikomatsui.com/,,
Keiko Matsui,booked,spotify,https://open.spotify.com/artist/0hps0ju4DV1qFI5NFHfOH4,,
Keiko Matsui,booked,youtube,https://www.youtube.com/channel/UCWxHZUJ9poWEhsuQuWkpoug,,
Di Derre,booked,website,https://www.diderre.no,,
Di Derre,booked,spotify,https://open.spotify.com/artist/0J5L8eN7k4q7l1b2s5V3nZ,,
Di Derre,booked,instagram,https://www.instagram.com/diderre,,
Di Derre,booked,facebook,https://www.facebook.com/diderre,,
Simple Minds,booked,website,http://www.simpleminds.com/,,
Simple Minds,booked,spotify,https://open.spotify.com/artist/6hN9F0iuULZYWXppob22Aj,,
Simple Minds,booked,instagram,https://www.instagram.com/simplemindsmusic,,
Simple Minds,booked,facebook,https://www.facebook.com/simpleminds,,
Simple Minds,booked,youtube,https://www.youtube.com/channel/UCXBep4C-pg5oCTrjw3nO-LA,,
Unearth,booked,website,http://www.heavenshallburn.com/,,
Unearth,booked,instagram,https://www.instagram.com/unearthofficial,,
Unearth,booked,facebook,https://www.facebook.com/unearthofficial,,
Kendrick Lamar,booked,website,https://oklama.com,,
Kendrick Lamar,booked,spotify,https://open.spotify.com/artist/2YZyLoL8N0Wb9xBt1NhZWg,,
Kendrick Lamar,booked,instagram,https://www.instagram.com/jojoruski,,
Kendrick Lamar,booked,facebook,https://www.facebook.com/kendricklamar,,
Kendrick Lamar,booked,youtube,https://www.youtube.com/channel/UCoYfzC2zMlc9M-Odgaf6OSg,,
Bird on the Wire,booked,website,https://birdonthewire.net,,
Bird on the Wire,booked,spotify,https://open.spotify.com/artist/1G8h9jK2lM3nN4oO5pP6qQ,,
Bird on the Wire,booked,instagram,https://www.instagram.com/birdonthewireuk,,
Bird on the Wire,booked,facebook,https://www.facebook.com/birdonthewire,,
Bird on the Wire,booked,youtube,https://www.youtube.com/user/birdonthewire,,
Bent,booked,website,http://www.bent-world.com/,,
Bent,booked,spotify,https://open.spotify.com/artist/59xljcfdN2Z9VX2U5RFKEa,,
Alessandro Cortini,booked,website,https://www.alessandrocortini.com,,
Alessandro Cortini,booked,spotify,https://open.spotify.com/artist/0gZ1v889p4tH1b5D3S5A4b,,
Alessandro Cortini,booked,instagram,https://www.instagram.com/ale_cortini,,
Alessandro Cortini,booked,facebook,https://www.facebook.com/alessandrocortiniofficial,,
Alessandro Cortini,booked,youtube,https://www.youtube.com/channel/UC-N13hK6b6ZlJq3w3d4r8xA,,
Ours Samplus,booked,website,https://www.ourssamplus.com,,
Ours Samplus,booked,spotify,https://open.spotify.com/artist/3B3PzM4l8T5HkY2V6fT4S8,,
Ours Samplus,booked,instagram,https://www.instagram.com/ourssamplus,,
Ours Samplus,booked,facebook,https://www.facebook.com/OursSamplus,,
Ours Samplus,booked,youtube,https://www.youtube.com/user/OursSamplus,,
Arcángel,booked,website,https://www.arcangel.pr/,,
Arcángel,booked,spotify,https://open.spotify.com/artist/4VMYqckdjabG9fJ1lHqZfB,,
Arcángel,booked,instagram,https://www.instagram.com/arcangel/,,
Arcángel,booked,facebook,https://www.facebook.com/Arcangel,,
Arcángel,booked,youtube,https://www.youtube.com/@Arcangel,,
Hardline,booked,website,https://www.hardlinerocks.com/,,
Hardline,booked,tourUrl,https://www.hardlinerocks.com/tour-dates/,,
Thomas Anders,booked,website,https://www.thomas-anders.com,,
Thomas Anders,booked,spotify,https://open.spotify.com/artist/3u1s2s3s4s5s6s7s8s9s0s,,
Thomas Anders,booked,instagram,https://www.instagram.com/thomasanders_official,,
Thomas Anders,booked,facebook,https://www.facebook.com/thomasandersofficial,,
Thomas Anders,booked,youtube,https://www.youtube.com/user/ThomasAndersTV,,
Mell,booked,website,http://www.geneon-ent.co.jp/rondorobe/music/ive/mell/,,
Mell,booked,spotify,https://open.spotify.com/artist/7z5G9H3j1K2l4M6n8P0qRs,,
Mike Campbell,booked,website,https://www.mikecampbellofficial.com/,,
Mike Campbell,booked,spotify,https://open.spotify.com/artist/6P06L5y0xY3C7jXkHhLwQp,,
Mike Campbell,booked,instagram,https://www.instagram.com/mikecampbellofficial/,,
Mike Campbell,booked,facebook,https://www.facebook.com/MikeCampbellOfficial,,
Mike Campbell,booked,youtube,https://www.youtube.com/channel/UCX7s4wS0Jp8G1w5r_q8k4-w,,
Rhye,booked,website,https://www.rhyemusic.com,,
Rhye,booked,spotify,https://open.spotify.com/artist/2W10m6Zc5J0N3rM1gU0W6G,,
Rhye,booked,instagram,https://www.instagram.com/rhye,,
Rhye,booked,facebook,https://www.facebook.com/rhye,,
Rhye,booked,youtube,https://www.youtube.com/channel/UCyMh3s74Jq1y9Yf9P9zE9gQ,,
Iona,booked,website,http://www.iona.uk.com/,,
Iona,booked,spotify,https://open.spotify.com/artist/3YJv1zZ6u4l6t8K9Y1p5Xb,,
Iona,booked,facebook,https://www.facebook.com/ionauk/,,
Jason Wade,booked,spotify,https://open.spotify.com/artist/4rG8p21Wk44Y4fH162Wv74,,
Jason Wade,booked,instagram,https://www.instagram.com/jasonwadeofficial,,
Jason Wade,booked,facebook,https://www.facebook.com/jasonwadeofficial,,
Jason Wade,booked,youtube,https://www.youtube.com/channel/UCyM7R5Y7hZ6X6wJ0lJ7q8iA,,
Maria Taylor,head,website,http://www.mariataylormusic.com/,,
Maria Taylor,head,spotify,https://open.spotify.com/artist/6iKiDPed4LAQEcPZpvf00m,,
Maria Taylor,head,instagram,https://www.instagram.com/mariataylor1111/,,
Maria Taylor,head,facebook,https://www.facebook.com/mariataylor,,
Lizzo,head,website,https://lizzomusic.com,,
Lizzo,head,spotify,https://open.spotify.com/artist/56oDRnqbIiwx4mymNEv7dS,,
Lizzo,head,instagram,https://www.instagram.com/lizzobeeating,,
Lizzo,head,facebook,https://www.facebook.com/LizzoMusic,,
Lizzo,head,youtube,https://www.youtube.com/channel/UCXVMHu5xDH1oOfUGvaLyjGg,,
Wipers,head,spotify,https://open.spotify.com/artist/7DaV02yTyHwXuX5u9UlXRR,,
Wipers,head,facebook,https://www.facebook.com/Wipers-219123031455466,,
Lash,head,spotify,https://open.spotify.com/artist/1iauY7dzsICyUxGh2Ln0SE,,
Tragically Hip,head,website,http://www.thehip.com/,,
Tragically Hip,head,spotify,https://open.spotify.com/artist/0YMeriqrS3zgsX24nfY0F0,,
Tragically Hip,head,instagram,https://www.instagram.com/thetragicallyhip,,
Tragically Hip,head,facebook,https://www.facebook.com/theTragicallyHip,,
Tragically Hip,head,youtube,https://www.youtube.com/channel/UCJlTNV-9HgE8ihg-Ghd0ZbA,,
Etienne Daho,head,website,https://dahofficial.com/,,
Etienne Daho,head,spotify,https://open.spotify.com/artist/5aDKJuLDczfmHfRSOmHCJk,,
Etienne Daho,head,facebook,https://www.facebook.com/EtienneDaho,,
Etienne Daho,head,youtube,https://www.youtube.com/channel/UCIRK-6D3E0vgYMpaw7Ugvxw,,
Kane Brown,head,website,https://www.kanebrownmusic.com/,,
Kane Brown,head,spotify,https://open.spotify.com/artist/3oSJ7TBVCWMDMiYjXNiCKE,,
Kane Brown,head,instagram,https://www.instagram.com/kanebrown_music,,
Kane Brown,head,facebook,https://www.facebook.com/kaneallenbrown,,
Kane Brown,head,youtube,https://www.youtube.com/channel/UC2QTDn02Xobvy_N2bb_Zzlw,,
Bernadette Peters,head,website,https://www.officialbernadettepeters.com,,
Bernadette Peters,head,instagram,https://www.instagram.com/officialbernadettepeters,,
Bernadette Peters,head,facebook,https://www.facebook.com/BernadettePeters,,
Jaco Pastorius,head,website,http://www.jacopastorius.com/,,
Jaco Pastorius,head,spotify,https://open.spotify.com/artist/3U3C9o6UTYNdEsDckpRyvX,,
Jaco Pastorius,head,facebook,https://www.facebook.com/jacopastorius,,
Boudewijn de Groot,head,website,http://www.boudewijndegroot.nl/,,
Boudewijn de Groot,head,spotify,https://open.spotify.com/artist/3h6rezLYXc5QU08SCKZtyO,,
Deee-Lite,head,website,http://www.ladykier.com/,,
Deee-Lite,head,spotify,https://open.spotify.com/artist/4eQJIXFEujzhTVVS1gIfu5,,
Deee-Lite,head,facebook,https://www.facebook.com/deeeliteladymisskier,,
Deee-Lite,head,youtube,https://www.youtube.com/channel/UCfWpcfOju6BioTnP9dVWkJQ,,
Baby Rasta & Gringo,head,website,http://www.babyrastaygringotv.com/,,
Baby Rasta & Gringo,head,spotify,https://open.spotify.com/artist/3IEvQoAohcGX7CdrbtIle7,,
Baby Rasta & Gringo,head,instagram,https://www.instagram.com/babyrastaygringo,,
Baby Rasta & Gringo,head,facebook,https://www.facebook.com/babyrastaygringo,,
The Misfits,head,website,http://www.misfits.com/,,
The Misfits,head,spotify,https://open.spotify.com/artist/1cXi8ALPQCBHZbf0EgP4Ey,,
The Misfits,head,instagram,https://www.instagram.com/officialmisfits,,
The Misfits,head,facebook,https://www.facebook.com/Misfits,,
The Misfits,head,youtube,https://www.youtube.com/channel/UCKkLIDce12KiuxCfOwVGPbA,,
Gavin Bryars,head,website,http://www.gavinbryars.com/,,
Gavin Bryars,head,spotify,https://open.spotify.com/artist/0lVWTWT1YdiNwuW9Gv3mUF,,
Linkin Park,head,website,https://www.linkinpark.com,,
Linkin Park,head,spotify,https://open.spotify.com/artist/6XyY86QOPPrYVGvF9ch6wz,,
Linkin Park,head,instagram,https://www.instagram.com/linkinpark,,
Linkin Park,head,facebook,https://www.facebook.com/linkinPark,,
Linkin Park,head,youtube,https://www.youtube.com/channel/UCZU9T1ceaOgwfLRq7OKFU4Q,,
Linkin Park,head,vk,https://vk.com/linkinpark,,
Bedřich Smetana,head,spotify,https://open.spotify.com/artist/25Eab1kIY1gh0Yo1oV04G4,,
Melechesh,head,website,http://www.melechesh.com/,,
Melechesh,head,spotify,https://open.spotify.com/artist/1bjUcmZxY4zJO1V5LaKzUY,,
Melechesh,head,facebook,https://www.facebook.com/melechesh,,
Magnetic Man,head,website,http://www.magneticman.net/,,
Magnetic Man,head,spotify,https://open.spotify.com/artist/40ttEBZPhAHbXH6aUg4GkL,,
Magnetic Man,head,facebook,https://www.facebook.com/MagneticMan,,
Magnetic Man,head,youtube,https://www.youtube.com/user/MagneticManVideo,,
Collin Raye,head,website,http://www.collinraye.com,,
Collin Raye,head,spotify,https://open.spotify.com/artist/4AwLiAGc1rRLrCepj5rdTI,,
Collin Raye,head,youtube,https://www.youtube.com/channel/UCrt4CcNRIbzA15AIyureRlQ,,
Omi,head,website,https://omimusic.com,,
Omi,head,spotify,https://open.spotify.com/artist/5T8l1dG7LpG33N2yW8K9z8,,
Omi,head,instagram,https://www.instagram.com/omimusic,,
Omi,head,facebook,https://www.facebook.com/OMItidive,,
Omi,head,youtube,https://www.youtube.com/user/OMIVEVO,,
Vonda Shepard,head,website,http://vondashepard.com/,,
Vonda Shepard,head,spotify,https://open.spotify.com/artist/0dhxm9QdU7nzflPS6xGQ8P,,
Vonda Shepard,head,facebook,https://www.facebook.com/vondashepard,,
The National,head,website,https://www.americanmary.com/,,
The National,head,spotify,https://open.spotify.com/artist/2cCUtGK9sDU2EoElnk0GNB,,
The National,head,instagram,https://www.instagram.com/thenational/,,
The National,head,facebook,https://www.facebook.com/thenationalofficial,,
The National,head,youtube,https://www.youtube.com/channel/UCeiRyLo_Q9q4tlv9aaQJF5w,,
Loscil,head,website,http://www.loscil.ca/,,
Loscil,head,spotify,https://open.spotify.com/artist/3GM5cpCBadq2PMHjFoEvhK,,
Loscil,head,instagram,https://www.instagram.com/loscil,,
Jon and Roy,head,facebook,https://www.facebook.com/jonandroy,,
Up Dharma Down,head,website,https://udd.ph,,
Up Dharma Down,head,spotify,https://open.spotify.com/artist/3wbCeEPAW6po7J46netxMT,,
Up Dharma Down,head,facebook,https://www.facebook.com/updharmadown,,
Young Maylay,head,instagram,https://www.instagram.com/mayleeno,,
Young Maylay,head,facebook,https://www.facebook.com/RealYoungMayLay,,
Vicentico,head,website,http://www.vicentico.com/,,
Vicentico,head,spotify,https://open.spotify.com/artist/25THA9HUHoxpCT4LBp7UsZ,,
Vicentico,head,instagram,https://www.instagram.com/vicentico,,
Vicentico,head,facebook,https://www.facebook.com/vicenticooficial,,
Vicentico,head,youtube,https://www.youtube.com/channel/UC22rhFI5ZCbc9v_E9-Hrkcw,,
Giraffes? Giraffes!,head,website,http://giraffesgiraffes.com/,,
Giraffes? Giraffes!,head,instagram,https://www.instagram.com/giraffesgiraffesband,,
Giraffes? Giraffes!,head,facebook,https://www.facebook.com/giraffesgiraffes,,
Nicolas Jaar,head,website,https://www.jaar.site/,,
Nicolas Jaar,head,spotify,https://open.spotify.com/artist/5a0etAzO5V26gvlbmHzT9W,,
Nicolas Jaar,head,instagram,https://www.instagram.com/nicolasjaar,,
Nicolas Jaar,head,facebook,https://www.facebook.com/Nicolas-Jaar-15727540611,,
U-N-I,head,facebook,https://www.facebook.com/LandoftheKings,,
Gatsbys American Dream,head,website,http://www.gatsbysamerican.com/,,
Gatsbys American Dream,head,spotify,https://open.spotify.com/artist/5CzTm7YPNW47IWv7qi9Zu1,,
Failure,head,website,http://failureband.com/,,
Failure,head,spotify,https://open.spotify.com/artist/3grvcGPaLhfrD5CYsecr4j,,
Failure,head,instagram,https://www.instagram.com/failurebandig/,,
Failure,head,facebook,https://www.facebook.com/Failureband,,
Failure,head,youtube,https://www.youtube.com/@FailureBand,,
Black Light Burns,head,website,http://blacklightburnsofficial.com/,,
Black Light Burns,head,facebook,https://www.facebook.com/BlackLightBurnsOfficial,,
Bobby Byrd,head,spotify,https://open.spotify.com/artist/6WXpplxbfcLvaAlhDbfEyO,,
Joe Satriani,head,website,http://www.satriani.com,,
Joe Satriani,head,spotify,https://open.spotify.com/artist/2yzxX2DI9LFK8VFTyW2zZ8,,
Joe Satriani,head,instagram,https://www.instagram.com/joesatriani,,
Joe Satriani,head,facebook,https://www.facebook.com/joesatriani,,
Joe Satriani,head,youtube,https://www.youtube.com/channel/UCiynI3-MFYbiZ6FQqWNLh7w,,
Apollo Brown,head,spotify,https://open.spotify.com/artist/151BUVKmiB9rHDjIkgbeVE,,
Apollo Brown,head,facebook,https://www.facebook.com/ApolloBrown,,
Apollo Brown,head,youtube,https://music.youtube.com/channel/UC7W2Fz6mkc2WyJDbftx_G5A,,
Back-On,head,website,http://www.back-on.com/,,
Back-On,head,spotify,https://open.spotify.com/artist/41wiRMqVmNSZ3FFM7JIeht,,
Back-On,head,instagram,https://www.instagram.com/back_on_jpn,,
Back-On,head,facebook,https://www.facebook.com/BACKON.JAPAN,,
Back-On,head,youtube,https://www.youtube.com/channel/UC46i0ypySCPUI4Wp8Evg6Pg,,
Reinhard Mey,head,website,https://www.reinhard-mey.de,,
Reinhard Mey,head,spotify,https://open.spotify.com/artist/119CgQj02xyMpOobWjdb3C,,
Reinhard Mey,head,youtube,https://www.youtube.com/channel/UCEZR1NAMYHK0net1nK90TXw,,
The Everly Brothers,head,website,http://everlybrothers.net/,,
The Everly Brothers,head,spotify,https://open.spotify.com/artist/4ACplpEqD6JIVgKrafauzs,,
Lost Horizon,head,website,http://www.oncelosthorizon.com/,,
Lost Horizon,head,spotify,https://open.spotify.com/artist/5fIeefAhrmO4FiO6DPCXeO,,
Lost Horizon,head,facebook,https://www.facebook.com/LOST-HORIZON-14598682387,,
Communiqué,mid,spotify,https://open.spotify.com/artist/4i5MOzVFFgG8roMwOhmRuS,,
Hot Dollar,mid,spotify,https://open.spotify.com/artist/0i15K3kK7x0g4LqM3s9S8W,,
Hot Dollar,mid,youtube,https://www.youtube.com/channel/UCaN0mS7sL1F7B4R4kK1J2zA,,
Luar Na Lubre,mid,website,http://www.luarnalubre.com/,,
Luar Na Lubre,mid,spotify,https://open.spotify.com/artist/5JqaR50nAadSYO26G1x97a,,
Luar Na Lubre,mid,youtube,https://www.youtube.com/channel/UCc_e1F_AdgXGY8Hi4PVaXdg,,
Dante Spinetta,mid,website,https://www.dantespinetta.com/,,
Dante Spinetta,mid,youtube,https://www.youtube.com/channel/UC9y7iK5chJG8YR_Mc4_ZZ3Q,,
War Tapes,mid,website,http://www.wartapesband.com/,,
Rich Kidz,mid,website,http://www.rk4l.com/,,
Kathy Sledge,mid,website,http://www.kathysledge.com,,
The Walkabouts,mid,website,https://www.thewalkabouts.com/,,
The Walkabouts,mid,spotify,https://open.spotify.com/artist/08w6KQXL60XUftg3Ds3177,,
The Walkabouts,mid,facebook,https://www.facebook.com/246794223085,,
Peter Bellamy,mid,spotify,https://open.spotify.com/artist/1VKp2hJ88BGqiOv0ggDOEA,,
Remedy Drive,mid,website,https://www.remedydrive.com/,,
Zahara,mid,website,https://www.zaharamania.com/,,
Zahara,mid,spotify,https://open.spotify.com/artist/7uLePkJ2f0MwEcphODfkuu,,
Zahara,mid,instagram,https://www.instagram.com/zaharapop/,,
Zahara,mid,facebook,https://www.facebook.com/zaharamusica,,
Zahara,mid,youtube,https://www.youtube.com/channel/UCUAo4vcxvNDDbgMR_llbVfQ,,
Kay Tse,mid,spotify,https://open.spotify.com/artist/6XtWdWAC7rNqXwbs8hGqP9,,
Kay Tse,mid,instagram,https://www.instagram.com/kaytse,,
Kay Tse,mid,facebook,https://www.facebook.com/kaytsemusic,,
Slim Smith,mid,spotify,https://open.spotify.com/artist/2PuBpv31beJyhHfvXoku41,,
David Civera,mid,website,http://www.davidcivera.es/,,
Little Birdy,mid,website,http://littlebirdy.net,,
Little Birdy,mid,spotify,https://open.spotify.com/artist/3h18aXqdmm2F13t6LIbTpq,,
Little Birdy,mid,facebook,https://www.facebook.com/littlebirdy,,
Buddy Collette,mid,website,http://www.buddycollette.com,,
Daesung,mid,website,http://www.ygex.jp/d-lite/,,
Daesung,mid,youtube,https://www.youtube.com/channel/UCJGcf2ELEDC5fYeBdvpJ7Mg,,
Destroyalldreamers,mid,spotify,https://open.spotify.com/artist/3KdtMnhPmq5tnToYkYjNCy,,
Destroyalldreamers,mid,facebook,https://www.facebook.com/destroyalldreamers,,
Destroyalldreamers,mid,youtube,https://www.youtube.com/channel/UCW0Da7td0DAzEEffqfFEhMA,,
Allez Allez,mid,website,http://www.allez-allez.be,,
Allez Allez,mid,spotify,https://open.spotify.com/artist/00IfPOabUPLtaQ7Kl026Ye,,
Allez Allez,mid,instagram,https://www.instagram.com/allez_allez_gent,,
Allez Allez,mid,facebook,https://www.facebook.com/allezallezofficiel,,
Condemned,mid,spotify,https://open.spotify.com/artist/41o6suGH9w85f9arFqtnNL,,
Condemned,mid,instagram,https://www.instagram.com/condemnedofficial/,,
Condemned,mid,facebook,https://www.facebook.com/CondemnedOfficial,,
Condemned,mid,youtube,https://www.youtube.com/user/CondemnedOfficial,,
The Ghastly Ones,mid,website,http://www.ghastlyones.com/,,
The Ghastly Ones,mid,spotify,https://open.spotify.com/artist/2dOGUGTTR0vKcexJaOOLMy,,
Watermark,mid,spotify,https://open.spotify.com/artist/1sezwqaPBzlygtIlbnZ2kF,,
Pepsi and Shirlie,mid,spotify,https://open.spotify.com/artist/0yJzP4mS7Qh0gQ9j1lQ0Y3,,
Pepsi and Shirlie,mid,youtube,https://www.youtube.com/results?search_query=Pepsi+and+Shirlie+official,,
Sandeul,mid,website,http://b1a4.com/,,
Sandeul,mid,instagram,https://www.instagram.com/sandoriganatanatda,,
Bruce Johnston,mid,spotify,https://open.spotify.com/artist/0yiSGGu3grpaH56F9znIeU,,
Bruce Johnston,mid,youtube,https://www.youtube.com/channel/UCyX0ez0T7IlzzTAvi7aAHCA,,
Tyra Bolling,mid,website,http://its-tyrab.com,,
Tyra Bolling,mid,spotify,https://open.spotify.com/artist/1QBGmq3C66kPc3IsFuFHmR,,
The Axis of Perdition,mid,website,http://www.myspace.com/theaxisofperdition,,
Jad Fair,mid,website,http://www.jadfair.org,,
Jad Fair,mid,spotify,https://open.spotify.com/artist/3xx5PhUhJZ9ADhd7RlC00C,,
Jad Fair,mid,facebook,https://www.facebook.com/108061792548562,,
Raw Power,mid,website,http://www.rawpowerhardcore.com,,
Mohammed Aziz,mid,spotify,https://open.spotify.com/artist/3vXBH4XwXSLM1YIrRBt98k,,
My Federation,mid,website,http://www.myfederation.co.uk,,
McClymonts,mid,website,http://www.themcclymonts.net.au/,,
McClymonts,mid,spotify,https://open.spotify.com/artist/3rQZpe0EHJWXItfc2OzzKf,,
McClymonts,mid,facebook,https://www.facebook.com/themcclymontsau,,
Inverness,mid,facebook,https://www.facebook.com/invernessbanda,,
Inverness,mid,youtube,https://www.youtube.com/channel/UCVDJevQ-7EX8MM4CY3VHUKg,,
Pavlov's Dog,mid,website,http://pavlovsdogband.tripod.com,,
Pavlov's Dog,mid,facebook,https://www.facebook.com/pavlovsdogband,,
AJ Michalka,mid,spotify,https://open.spotify.com/artist/30HtguQmog7sTEvDJowVEC,,
AJ Michalka,mid,instagram,https://www.instagram.com/iamaj,,
The Kursaal Flyers,mid,facebook,https://www.facebook.com/KursaalFlyers,,
Raimonds Pauls,mid,website,http://www.raimondspauls.lv/,,
Raimonds Pauls,mid,spotify,https://open.spotify.com/artist/01pSsqt7FLdq2SC6UqjER3,,
Eduard Khil,mid,website,http://edhill.narod.ru,,
Eduard Khil,mid,youtube,https://www.youtube.com/channel/UCAuhkv_FjKh_FZAGuyyWRqQ,,
The Tams,mid,website,http://thetams.com/,,
The Redneck Manifesto,mid,website,http://www.theredneckmanifesto.com,,
Peter Smith,tail,website,https://www.petersmithmusic.com/,,
Peter Smith,tail,tourUrl,https://www.petersmithmusic.com/calendar,,
Peter Smith,tail,spotify,https://open.spotify.com/artist/7zC2L0l80j91j15L4rM82O,,
Peter Smith,tail,instagram,https://www.instagram.com/petersmithmusic/,,
Peter Smith,tail,facebook,https://www.facebook.com/petersmithmusic,,
Peter Smith,tail,youtube,https://www.youtube.com/@PeterSmithMusic,,
Yannis Markopoulos,tail,facebook,https://www.facebook.com/yannis.markopoulos,,
Gordon Giltrap Band,tail,spotify,https://open.spotify.com/artist/7aVR2dnOQrK6fBSygUvPB6,,
Screamin' Sirens,tail,spotify,https://open.spotify.com/artist/1DwzSiWAwBKPDuDveSqita,,
Glen Benton,tail,website,http://www.deicide.com/,,
Kurdish,tail,instagram,https://www.instagram.com/tolgasaritas,,
Phillip Goodhand-Tait,tail,website,http://www.pg-t.com/,,
Phillip Goodhand-Tait,tail,spotify,https://open.spotify.com/artist/04rXELYFvzUvoK6hE8DgXL,,
Paul Grabowsky,tail,website,http://www.paulgrabowsky.com.au/,,
Rip Rig + Panic,tail,facebook,https://www.facebook.com/RipRigAndPanic,,
Ilse von Alpenheim,tail,youtube,https://www.youtube.com/channel/UCeG0Rcy7fdEg6XA9Fct-afA,,
Jodi Proznick,tail,website,https://jodiproznick.com/,,
Seo In-guk,tail,website,http://www.seoinguk.co.kr,,
Seo In-guk,tail,instagram,https://www.instagram.com/seo_cccc,,
Seo In-guk,tail,facebook,https://www.facebook.com/sigstyle1023,,
Ernő Dohnányi,tail,spotify,https://open.spotify.com/artist/4svbYK3Jck5FTklqYmeRPK,,
Fariha Pervez,tail,facebook,https://www.facebook.com/FarihaPervez,,
Jang Jae-in,tail,website,http://mystic89.net/artist/jang-jane,,
Jang Jae-in,tail,instagram,https://www.instagram.com/jangjane_,,
Jang Jae-in,tail,facebook,https://www.facebook.com/jangjaneofficial,,
Jang Jae-in,tail,youtube,https://www.youtube.com/channel/UCFAvMvIqZA7sAKOD4Dz1V3A,,
Noriko Hidaka,tail,website,http://combination.jp/talent/hidaka.html,,
Noriko Hidaka,tail,instagram,https://www.instagram.com/nonko_hidaka531,,
Noriko Hidaka,tail,facebook,https://www.facebook.com/406708829521812,,
Noriko Hidaka,tail,youtube,https://www.youtube.com/channel/UCAKD48ecL5cR87BWPze34HQ,,
Scholars,tail,website,http://www.scholarstheband.com/,,
Scholars,tail,facebook,https://www.facebook.com/scholars,,
Scholars,tail,youtube,https://www.youtube.com/channel/UCGn7Lq0n-VIUmDjrJquTAOQ,,
Olympus Mons,tail,website,http://www.olympusmons.fr/,,
Yuimetal,tail,website,https://www.amuse.co.jp/artist/A8288/index.html,,
Natina Reed,tail,website,http://www.therealnatina.com/,,
Jack Dishel,tail,website,http://jackdishel.com/,,
Jack Dishel,tail,spotify,https://open.spotify.com/artist/3Qb4YFwwSGJee4ZoDqBZjD,,
Jack Dishel,tail,instagram,https://www.instagram.com/jackdishel,,
Jack Dishel,tail,facebook,https://www.facebook.com/jackdishel,,
Giuseppe Maria Jacchini,tail,spotify,https://open.spotify.com/artist/3yjSvLr9Po7VgUWMOTZ4iE,,
Demise of Eros,tail,website,http://www.demiseoferos.com/,,
Faraz Anwar,tail,website,http://www.farazanwar.org,,
Roger Bobo,tail,website,http://www.rogerbobo.com/,,
Roger Bobo,tail,instagram,https://www.instagram.com/ilvecciomaestro/,,
Lila Ammons,tail,website,http://www.lilaammonsmusic.com/,,
Steve Ignorant,tail,website,http://www.steveignorant.com,,
Steve Ignorant,tail,facebook,https://www.facebook.com/steveignorantofficial,,
Stasys Povilaitis,tail,spotify,https://open.spotify.com/artist/4rFfu3wKRjaz1V6LH1EN6w,,
Stasys Povilaitis,tail,youtube,https://www.youtube.com/channel/UCL2qTOKw-bu3clOP-VLo68w,,
Chronis Aidonidis,tail,spotify,https://open.spotify.com/artist/0jybcgI8tOj3iTQaehPb8N,,
Manila Philharmonic Orchestra,tail,website,http://www.manilaphilharmonicorchestra.com.ph/,,
Amit Sebastian Paul,unknown,website,https://amitpaul.com,,
Amit Sebastian Paul,unknown,instagram,https://www.instagram.com/am8p,,
"Holloway, Ron",unknown,website,https://www.ronholloway.com/,,
"Holloway, Ron",unknown,tourUrl,https://www.ronholloway.com/shows/,,
"Holloway, Ron",unknown,spotify,https://open.spotify.com/artist/5L1c2qfM0r2Jv4c4C83pXp,,
"Holloway, Ron",unknown,instagram,https://www.instagram.com/ronhollowaymusic/,,
"Holloway, Ron",unknown,facebook,https://www.facebook.com/RonHollowayMusic,,
"Holloway, Ron",unknown,youtube,https://www.youtube.com/user/ronhollowaymusic,,
Erlend Slettevoll,unknown,website,http://www.slettevoll.no,,
Ryu Hyoyoung,unknown,instagram,https://www.instagram.com/ryuhyoyoung93,,
Peter Davison (composer),unknown,website,https://www.peterdavison.com,,
Platformist,unknown,website,https://www.platformist.com/,,
Platformist,unknown,spotify,https://open.spotify.com/artist/6b1zM3jKx5IqgX2S2R2Sg9,,
Platformist,unknown,instagram,https://www.instagram.com/platformist/,,
Platformist,unknown,facebook,https://www.facebook.com/platformist/,,
Platformist,unknown,youtube,https://www.youtube.com/@platformist901,,
Paeng Nepomuceno,unknown,website,https://www.paengnepomuceno.com/,,
Paeng Nepomuceno,unknown,facebook,https://www.facebook.com/PaengNepomuceno/,,
Paeng Nepomuceno,unknown,youtube,https://www.youtube.com/channel/UC1_F_2_3_4_5_6_7_8_9_0,,
Palladam Sanjiva Rao,unknown,youtube,https://www.youtube.com/results?search_query=Palladam+Sanjiva+Rao,,
Ernie C,unknown,facebook,https://www.facebook.com/ERNIEBC,,
Sharlee D'Angelo,unknown,website,http://www.archenemy.net/,,
Sharlee D'Angelo,unknown,facebook,https://www.facebook.com/sharlee-dangelo-120095584765556,,
